{"cameraMode":{"drawMode":0,"name":"Shaded","section":"Shading Mode"},"sceneLighting":false,"audioPlay":false,"sceneViewState":{"m_AlwaysRefresh":false,"showFog":true,"showSkybox":false,"showFlares":true,"showImageEffects":true,"showParticleSystems":true,"showVisualEffectGraphs":true,"m_FxEnabled":true},"in2DMode":false,"pivot":{"x":-26.81189727783203,"y":1.2208623886108399,"z":1.1549981832504273},"rotation":{"x":0.15649442374706269,"y":0.020644141361117364,"z":0.005485314875841141,"w":0.9881982207298279},"size":1.0300276279449463,"orthographic":false}