{"cameraMode":{"drawMode":0,"name":"Shaded","section":"Shading Mode"},"sceneLighting":true,"audioPlay":false,"sceneViewState":{"m_AlwaysRefresh":false,"showFog":true,"showSkybox":true,"showFlares":true,"showImageEffects":true,"showParticleSystems":true,"showVisualEffectGraphs":true,"m_FxEnabled":true},"in2DMode":false,"pivot":{"x":-57.723915100097659,"y":-10.393202781677246,"z":-3.2972092628479006},"rotation":{"x":0.5965061187744141,"y":-0.07432236522436142,"z":0.056238915771245959,"w":0.7973989844322205},"size":11.925186157226563,"orthographic":false}