{"cameraMode":{"drawMode":0,"name":"Shaded","section":"Shading Mode"},"sceneLighting":true,"audioPlay":false,"sceneViewState":{"m_AlwaysRefresh":false,"showFog":true,"showSkybox":true,"showFlares":true,"showImageEffects":true,"showParticleSystems":true,"showVisualEffectGraphs":true,"m_FxEnabled":true},"in2DMode":false,"pivot":{"x":-25.045516967773439,"y":6.18232536315918,"z":-9.611685752868653},"rotation":{"x":-0.45648932456970217,"y":0.046530112624168399,"z":-0.03135569021105766,"w":-0.8886888027191162},"size":0.7805169224739075,"orthographic":false}