{"cameraMode":{"drawMode":0,"name":"Shaded","section":"Shading Mode"},"sceneLighting":true,"audioPlay":false,"sceneViewState":{"m_AlwaysRefresh":false,"showFog":true,"showSkybox":true,"showFlares":true,"showImageEffects":true,"showParticleSystems":true,"showVisualEffectGraphs":true,"m_FxEnabled":true},"in2DMode":false,"pivot":{"x":-29.076051712036134,"y":20.512516021728517,"z":-21.901281356811525},"rotation":{"x":-0.35467690229415896,"y":-0.05678846314549446,"z":0.02110450342297554,"w":-0.9336934685707092},"size":0.7805171608924866,"orthographic":false}