{"cameraMode":{"drawMode":0,"name":"Shaded","section":"Shading Mode"},"sceneLighting":true,"audioPlay":false,"sceneViewState":{"m_AlwaysRefresh":false,"showFog":true,"showSkybox":true,"showFlares":true,"showImageEffects":true,"showParticleSystems":true,"showVisualEffectGraphs":true,"m_FxEnabled":true},"in2DMode":false,"pivot":{"x":-24.6734619140625,"y":-1.976792812347412,"z":1.5638980865478516},"rotation":{"x":0.3123449385166168,"y":0.026988252997398378,"z":-0.001415846636518836,"w":0.9502374529838562},"size":5.9895243644714359,"orthographic":false}