{"cameraMode":{"drawMode":0,"name":"Shaded","section":"Shading Mode"},"sceneLighting":true,"audioPlay":false,"sceneViewState":{"m_AlwaysRefresh":false,"showFog":true,"showSkybox":true,"showFlares":true,"showImageEffects":true,"showParticleSystems":true,"showVisualEffectGraphs":true,"m_FxEnabled":true},"in2DMode":false,"pivot":{"x":-16.180334091186525,"y":18.341062545776368,"z":-19.9578857421875},"rotation":{"x":-0.37997323274612429,"y":-0.016286354511976243,"z":-0.002547470387071371,"w":-0.9256694912910461},"size":1.0300276279449463,"orthographic":false}