{"cameraMode":{"drawMode":0,"name":"Shaded","section":"Shading Mode"},"sceneLighting":true,"audioPlay":false,"sceneViewState":{"m_AlwaysRefresh":false,"showFog":true,"showSkybox":true,"showFlares":true,"showImageEffects":true,"showParticleSystems":true,"showVisualEffectGraphs":true,"m_FxEnabled":true},"in2DMode":false,"pivot":{"x":-4.91162633895874,"y":3.348592758178711,"z":2.2599501609802248},"rotation":{"x":-0.08774824440479279,"y":-0.020790761336684228,"z":-0.016045060008764268,"w":-0.9975090026855469},"size":0.00010016858141170815,"orthographic":false}