{"cameraMode":{"drawMode":0,"name":"Shaded","section":"Shading Mode"},"sceneLighting":true,"audioPlay":false,"sceneViewState":{"m_AlwaysRefresh":false,"showFog":true,"showSkybox":true,"showFlares":true,"showImageEffects":true,"showParticleSystems":true,"showVisualEffectGraphs":true,"m_FxEnabled":true},"in2DMode":false,"pivot":{"x":-24.833560943603517,"y":0.03661477565765381,"z":-2.3382058143615724},"rotation":{"x":0.0014587928308174015,"y":0.9998230934143066,"z":0.013460267335176468,"w":-0.0378274992108345},"size":1.3213858604431153,"orthographic":false}