{"cameraMode":{"drawMode":0,"name":"Shaded","section":"Shading Mode"},"sceneLighting":false,"audioPlay":false,"sceneViewState":{"m_AlwaysRefresh":false,"showFog":true,"showSkybox":false,"showFlares":true,"showImageEffects":true,"showParticleSystems":true,"showVisualEffectGraphs":true,"m_FxEnabled":true},"in2DMode":false,"pivot":{"x":-25.481876373291017,"y":1.2680798768997193,"z":-5.026031017303467},"rotation":{"x":0.28931841254234316,"y":0.5124517679214478,"z":-0.19124208390712739,"w":0.7861304879188538},"size":0.9716293811798096,"orthographic":false}