{"cameraMode":{"drawMode":0,"name":"Shaded","section":"Shading Mode"},"sceneLighting":false,"audioPlay":false,"sceneViewState":{"m_AlwaysRefresh":false,"showFog":true,"showSkybox":false,"showFlares":true,"showImageEffects":true,"showParticleSystems":true,"showVisualEffectGraphs":true,"m_FxEnabled":true},"in2DMode":false,"pivot":{"x":-22.470056533813478,"y":1.3807857036590577,"z":-6.730530738830566},"rotation":{"x":0.26970794796943667,"y":-0.024181952700018884,"z":0.004703776445239782,"w":0.9630869626998901},"size":2.1313633918762209,"orthographic":false}